gender,text
0,10级的我学了个什么！回家弹琴！！~！~！~！~！~！~！~！~！~！~！~！~！~！
0,148人出来吧
0,148人在的答个到
0,2022年还有人看吗
0,2023...
0,2023/2/18
0,2023年还在刷
0,2023来访～～～
0,2023继续打卡
0,22年情商时代发来贺电
0,22年《情商》时代考古哈哈哈哈哈哈
0,22年考古来的 真有情商这歌哦
0,23333
0,23年
0,23年了还有31个
0,300万贺电
0,360度托马斯旋转
0,3.8来重看一遍
0,6
0,666
0,9494、
0,asdfghjkl爱上对方过后就哭了
0,as的復古懷舊看了
0,awm：可遇不可求（原耽狂喜）
0,《AWM绝地求生》（即答
0,bass杀我！
0,BGM：:U. N. オーエンは彼女なのか
0,book能有
0,Bus （巴士）Sun Moon Lake（日月潭）Sorry（对不起）
0,《DLC》
0,Hello
0,hhhhhhh
0,hhhhhhhh
0,kiss  kiss  啵啵～（狗头）
0,kksk
0,kksk！
0,kmdw，ABC。智慧树上智慧果，智慧树下你和我。
0,lkjhgfdsa
0,[ohh]
0,[ohhhh]
0,[OHHHH]
0,[ohhhhh]
0,[ohhhhhh]
0,P[-\
0,silly！
0,snake
0,snake—————————（）
0,Sonic Shadow Silver(索粉即答)
0,up好可爱哈哈哈
0,woc23年回来考8年前的古
0,YYYYYYYYYYYYYYYYYYYYYY
0,zhichuang？
0,一个古筝八级的孩子默默看向了她的古筝
0,一人血书求砍爷粽子番茄一块玩！！！
0,一伯昏
0,一伯昏！
0,《一匹好人》
0,一啵万分
0,一定是琴的问题，和我无关
0,一定要严惩！！！！！！！！！！！！！！！！！！！！！！！！！！！！！！！！！！！！！！！！！！！！！！！
0,一百昏
0,一百昏！
0,一睹芳容
0,丁仪：？
0,《三体》：予时光以生命，予岁月以文明。
0,【三体】我送你颗星星，你却把我送上了星星
0,上幼儿园，上小学一年级，上小学二年级
0,不会有人像我一样2023年还在刷这个视频吧（doge）
0,不刷人数又不够
0,不对，你们到底谁是校霸校草？（）
0,不属于
0,不慌打个游戏当麻药
0,不是这玩意挺咸的呀你们为什么吃
0,《不论何时，这个视频始终有人在线》
0,不过他这个动作指导，一定是中国boy(幻听)
0,两个不是卧底的人相互怀疑
0,两个实数之间还有无限个实数
0,中国boy（即答）
0,【中国通史】：三国江河分裂，九州再起狼烟
0,【中国通史】党争宦奸掌权，君王血染殿前。
0,【中国通史】商城交子银钱，崖山倾国破灭。
0,【中国通史】：始皇六合绝荡，兵俑长城秦鞭
0,【中国通史】词作：艾歌 来源：BV1ns411m7fd
0,【中国通史】：霓裳羽衣蹁跹，安史生变
0,为什么这么长啊我真的笑死离谱
0,主要是心里带来的伤害，可能一辈子也无法磨灭
0,九年了
0,九级？专业九级对吧？
0,买了一箱了，家里孩子很喜欢吃 会考虑回购
0,了空间和割发代首啊
0,互殴
0,亚里士多德也是法治的提出者之一
0,亚里士多德也是法治的最早提出者之一
0,人活着就是为了山田凉！！！！！
0,人类的祖宗，原始猴。
0,什么叫刷
0,《什么手套是一次性的啊？》
0,今夕何年，2023
0,今夕是何年？
0,今天是不是21
0,他甚至把小管管拿走
0,他身上的这个衣服是伍六七耶
0,仙                    人                    指                    路
0,仙人指路
0,众所周知一哥的“没事的”有镇静作用
0,众                       神                       归                         位
0,优雅！实在是太优雅了！！！
0,会，我绝对会的
0,你两个在对视什么
0,你们搁这连连看呢
0,你别说我也这么干过
0,你的操作好奇怪啊，一下牛，一下更牛
0,你这操作真是出神入化
0,你这样说话好机车诶（无端）
0,俄罗斯套娃
0,俗称（吞刀）
0,停      车      场      反      杀      龙      卷      风
0,像你想象的那么勇敢而正直呢
0,光   翼   展   开
0,【光遇】也许遇见即是上上签
0,[光遇]温暖的灵魂终将串线
0,全世界来也没用
0,【全职】心有圣光不减 挥手改写江山
0,其实我大概率是真的不会 我也是女孩子 我也怕自己受伤对不起
0,其实我小时候也干过  真的很好奇  只不过我妈一下就控制住了
0,其实有一个小说叫《AWM绝地求生》
0,再见哈哈哈哈哈
0,冷知识 超市是超级市场的简称
0,凉的那个响指太帅了吧啊啊啊啊啊啊啊啊啊
0,凉真的好会作曲！！！！！
0,凉门
0,凉门！！！
0,✞凉门✞✞凉门✞✞凉门✞✞凉门✞✞凉门✞✞凉门✞✞凉门✞✞凉门✞✞凉门✞✞凉门✞✞凉门✞✞凉门✞✞凉门✞✞凉门✞✞凉门✞✞凉门✞✞凉门✞✞凉门✞✞凉门✞✞凉门✞✞凉门✞✞凉门✞✞凉门✞✞凉门✞✞凉门✞
0,凉门凉门凉门凉门凉门凉门凉门凉门凉门凉门凉门凉门凉门凉门凉门凉门凉门凉门凉门凉门凉门凉门凉门凉门凉门凉门凉门凉门凉门凉门凉门凉门凉门凉门凉门凉门凉门凉门凉门凉门凉门凉门凉门凉门凉门凉门凉门凉门
0,《凹凸世界安莉洁》我是你最忠诚的信徒
0,分子、电子、细菌
0,切切的手臂啊啊啊啊
0,判了，24年！
0,到底是谁因为小狗不更视频刷以前的
0,到我这改了嘿！
0,《刻在DNA里的肌肉记忆》
0,[前方高能]
0,[前方高能][ohh]
0,《前缀的重要性》
0,前面的，古筝之外还有伴奏
0,副总的情商就是高
0,《副总的格局》
0,动物那么可爱为什么要给它们截肢
0,单身 孤独 终老 （既答
0,卧槽 不愧是团队的两个押韵担当！
0,【原神】去见证一切事物的沉淀，在旅途的终点再见吧！
0,【原神】我爱申鹤
0,参见教主
0,又三杀了
0,《 反 主 为 客 》
0,《反客为主》
0,取决于把对方打成重伤时，对方是否还有继续攻击的倾向以及攻击己方的能力。
0,《口红好看》
0,只有他；直接与主对决
0,可以帮忙报警吧
0,可是我朋友不多也砍不了啊
0,可遇不可求（晋江读者即答）
0,史上最漫长的五分钟
0,吃了有担当的亏
0,吃饭时使用更加
0,后面的同学一定哭的很伤心吧
0,吞刀
0,吧
0,哇
0,哇哇哇
0,哇哇哇哇
0,哈哈哈哈
0,哈哈哈哈哈
0,哈哈哈哈哈哈
0,哈哈哈哈哈哈哈
0,哈哈哈哈哈哈哈哈
0,哈哈哈哈哈哈哈哈哈
0,哈哈哈哈哈哈哈哈哈哈哈哈
0,哈哈哈哈哈哈哈哈哈哈哈哈哈
0,哈哈哈哈哈哈哈哈哈哈哈哈哈哈哈哈
0,哈哈哈哈哈哈哈哈哈哈哈哈哈哈哈哈哈哈哈哈
0,哈哈哈哈哈哈哈哈哈哈哈哈哈哈哈哈哈哈哈哈哈哈哈哈哈哈哈哈哈哈哈
0,哈哈哈哈哈哈哈哈哈哈哈哈哈哈哈哈哈哈哈哈哈哈哈哈哈哈哈哈哈哈哈哈哈哈哈哈哈哈哈哈哈哈哈哈哈哈哈哈哈哈哈哈哈哈
0,哈哈哈哈哈哈哈哈哈哈哈哈哈哈哈哈预言家
0,哈哈哈  这个有可爱到我
0,哦哦哦哦哦哦
0,哦耶耶耶
0,啊啊啊这该死的肌肉线条我死了
0,啊啊对方过后就哭了
0,啊是电饭锅好几块
0,啊是的发个回家看了
0,啊水电费刚刚回家快乐
0,啊这
0,喜门！
0,喜门喜门喜门喜门喜门喜门喜门喜门喜门
0,嚯哈哈哈哈哈哈哈哈哈
0,回味经典
0,因为tx贿赂公行所以pdd才没有下架
0,因光而遇
0,国足的希望！
0,在做题和作弊之间选择了作法
0,在有具备实现可控核聚变的条件下就能实现可控核聚变
0,在结局之前；你是唯一正确的人
0,在这里发起护肝运动：1. 看到拼多多砍价行为保证自己不砍
0,《声嘶力竭》
0,复旦之光
0,《多 深》
0,大家可以试试静音遮住台词，我猜的比小潮还离谱
0,天哪，边弹边转调！
0,【天官赐福】一手仗剑，一手执花
0,《太宰治》把所有人带出黑暗，把自己落下
0,太脏了
0,夺笋呐
0,【奇迹暖暖】以战止战，天佑云端！——越千霜
0,套路啊
0,她就在这里啊!
0,好可爱的表情啊小斯
0,好气
0,好的，我要去练我一年没碰的琴了
0,好耶！！！！我还以为又要鸽了，结果小狗说的这个星期播，原来是是星期天播啊
0,好聪明啊！！！
0,好长的5分钟
0,好魅惑的语气“你是卧底吗～”（doge
0,如何让人愧疚一辈子
0,如数家珍
0,孔子很高的！
0,孤独
0,学成归来
0,学琵琶的浅问一下刚才那是什么操作。。
0,完了完了孩子学傻了（悲）
0,实话实说，不会，在无法保证自身安全的前提下出手反而会让自己也变成受害者
0,实际是0.020000
0,《审题的重要性》
0,宴请八方
0,【宵宫】烟花易逝，人情长存
0,对
0,封口费
0,小傲：不瞒你说，我被全公司的人kfc了
0,小傲想骂人
0,小傲:高哥是副总啊，我能一样吗
0,小数点后面还有六位
0,小潮牛壁哈哈哈哈哈
0,小潮的心里只有自己
0,“小”潮院长（确信）
0,《小迪想睡觉》
0,属于
0,属于特殊防卫
0,工地
0,已无生命危险是什么意思还用解释吗？说明曾经有过！打的那么严重绝不可能轻伤
0,已经开始笑了
0,“平等”这个词太理想了
0,广～告～时～间～到～我要广告我要广告。广告广告
0,店长在这一刻看见了不属于菜鸡的力量感
0,开始了，金币
0,开始笑了
0,开怀大孝了家人们
0,张三他又来了
0,张三真男人
0,弹幕呢？
0,弹幕被清过无数轮了，唉。
0,弹得时候还能调琴！！！太牛了
0,？当场变调啊
0,当时直接打印了孔子祖冲之之类的人，揣口袋里
0,很是想念
0,很有道理
0,《微积分》
0,必须严惩打人者
0,必须要喝水吃饭时
0,《快乐》
0,快逃
0,怕不是5个都没有
0,怼他怼他怼他怼他怼他怼他怼他怼他怼他怼他怼他怼他怼他怼他
0,恍恍惚惚恍恍惚惚恍恍惚惚恍恍惚惚恍恍惚惚恍恍惚惚恍恍惚惚恍恍惚惚恍恍惚惚恍恍惚惚恍恍惚惚恍恍惚惚恍恍惚惚恍恍惚惚恍恍惚惚恍恍惚惚恍恍惚惚恍恍惚惚恍恍惚惚恍恍惚惚
0,恭喜你发现宝藏
0,(您的好友)张三闪亮登场！
0,《情商》
0,【惊封】胜利属于流浪马戏团
0,想坐 爱坐 天天坐
0,感觉那84个人全是托
0,懂了，女孩嫉妒他算对了
0,《我》
0,我也是，她弹这曲子的时候我才一年级，才学古筝
0,我也砍了一刀哈哈哈哈嗝
0,我们六年级现在流行拜佛（吸吸）就是考完以后拜佛
0,我先流口水
0,我去卧槽
0,我去我去
0,我后悔放弃学古筝了呜呜呜
0,我听着墨韵的视频练了一下午古筝
0,我喜欢刑博文
0,我天 跟我想的也一样
0,我妈问我为什么跪着
0,我弟真的分的特别清楚（
0,我是打印孔子和祖冲之的画像，揣口袋里，每场考完拿出来拜一拜
0,我永远喜欢山田凉
0,我永远喜欢山田凉我永远喜欢山田凉我永远喜欢山田凉我永远喜欢山田凉我永远喜欢山田凉
0,我爱死这首了
0,我现在脑海中一只有一个画面：孔明坐在空城之上弹千本樱2333
0,我看谁不给五星？
0,我要这十指有何用！！
0,我认为防卫过当无罪
0,我这就去把我那业余十级证书撕了
0,我都是笔上标abc做选择题
0,战   术   踉   跄
0,战术踉跄哈哈哈哈哈哈
0,所以你为什么在桌下
0,所有人但是最欧的
0,《 手机》
0,才看到是14年发的，那年正是一年级的暑假，我刚接触古筝
0,！打工人的觉悟
0,承上启下
0,抛开音准而言，这个人感情十分到位
0, 抱着我的吉他陷入了沉思
0,押韵大师
0,《抽搐》
0,拉宏桑…
0,拜语文书主编的我
0,拼多多：是个狠人
0,指  面  为  饭
0,《掩面痛哭》
0,提问已经变成拷问了！！！
0,【撒野】希望我们都能像对方一样勇敢
0,播放量已经破亿了，NB
0,支持
0,教主的猫哈哈哈哈哈
0,教主赛高
0,教主赛高教主赛高教主赛高
0,断片了
0,【新型麻醉】
0,《新手容易上套的》
0,施暴者能算人？
0,《无 人 生 还》
0,无法停止对应喜多似是吧
0,无穷小
0,《无限循环》
0,《早发现早治疗》
0,《早期智慧物种的语言》
0,是99.800000
0,是/si:/不是/sei/
0,是不是特殊防卫
0,是条条的啊呜
0,是正确答案，但是不是这么解释的
0,晓晓我喜欢你！你信吗
0,最终解释权
0,最聪明的。
0,  最聪明的。
0,有多少人幻想自己在学校弹
0,有没有一种可能，我左眼近视而我右眼不近视
0,朋友比较多
0,《期待》
0,本10后已经跟不上这种潮流了
0,《机器眼瞪人眼》报告！代号a2，成功出舱！
0,【杀破狼】山河依旧，四海清平
0,《村 民》
0,来吧，把你的证书拿出来，我们一起撕！
0,来空间很过分第三
0,来自副总的CPU。
0,《柠檬撒人事件》
0,《校长给爷爷我跳了一支孔雀舞》
0,《梅开四度》
0,梦开始的地方
0,梦想，爱情，自由
0,《楼下的老张》
0,正在熬夜
0,正常人也就最多10多个人
0,正片开始
0,《死亡万花筒》当你凝视深渊的时候，深渊也在凝视你
0,母  慈  子  孝
0,每个人都会显示是是第一名
0,每周必看
0,《（每周必看）》
0,每日亿遍
0,《毫无违和感的间谍》
0,水果哥梦见是吧 （滑稽
0,水滴鱼的三次嘲笑
0,永远有人看系列
0,求极限哈哈哈哈
0,沉默
0,没怎么吃
0,《没有技巧，全是感情》
0,没钱
0,治好了我的低血压
0,法外乎人情
0,波奇小可爱ruaruarua
0,波门
0,波门！
0,波门！！！
0,波门！虹门！凉门！喜门！
0,[注此条评论专做用于增加热度]
0,海皇大帅哥啊
0,海皇:我就故意的/doge
0,海皇是不是跟出题的人有仇啊？
0,海  豚  音
0,淋
0,渐近线
0,《游戏性质变了
0,滚   蛋
0,满昏！
0,炸
0,《炸》
0,炸哈哈哈哈哈哈
0,点错了
0,点错了我。。。
0,烂啊
0,無料草绷不住了
0,"""然后全校都炸了”"
0,然后强制0.1我试过了
0,爱上对方过后就哭了
0,爱我吗
0,父母爱情（bushi）
0,猫我有了，可我依旧不会弹
0,王思聪
0,玩梗的有意思吗
0,现在是2023年
0,现在是2023年3月23日，我于上海观看（打卡）
0,现在是法制社会，这种行为必须严惩！
0,用敦煌弹!
0,电脑鼠标键盘
0,番茄没说的，所以最后新手赢了哈哈哈哈哈哈哈哈
0,番茄这个肌肉线条我死了
0,痛！太痛了！
0,直接一键三连
0,看了5+以上的大神伸出你们神一样的爪爪
0,看手机上的视频(？
0,看看
0,真无聊啊
0,真的忍不住了哈哈哈哈哈哈哈哈哈哈哈哈哈哈哈哈哈哈哈哈哈哈哈哈哈哈哈哈哈哈哈哈哈哈哈哈哈哈哈哈哈哈哈哈哈哈哈哈哈哈哈
0,眺望碧海和蓝天
0,硬核跳伞
0,确实
0,磕cp
0,祁醉：这得从一部新款的手机说起
0,神中神
0,神仙啊won
0,神的五分钟
0,离开家合格范德萨
0,离开家很过分打撒
0,离开就会辜负的是爱
0,离开就很过分多少啊
0,离开就很过分的撒  我的输入法还自带口音了哈
0,离开脚后跟肥东飒
0,离开脚后跟范德萨
0,秦  王  扫  六  合
0,立刻就会功夫的撒
0,立刻就会规范的撒
0,《 立刻脚后跟范德萨》
0,立本人你们真的好会做歌
0,笑到捶桌哈哈哈哈哈哈哈哈
0,笑容突然消失。。。我想起我的高中。。。。
0,笑死去了
0,笑的肚子疼
0,籽  岷  挖  矿
0,《精准计算》
0,糕点，意思是晚上熬夜饿了的话就吃点糕点垫吧一下
0,经典
0,给你科普一下辣的级别，微辣，中辣，你太厉害辣
0,给我关门放狗
0,绝对无穷！
0,【罗德岛】为了不让世界因偏见而毁灭
0,罚站
0,《翰  哲  料  理》
0,老夫撩发少年狂
0,老板的饼
0,耍猴卡
0,《耳朵里面塞饭盆》
0,胖迪好可爱！
0,脚踹头了这算不算蓄意谋杀谋杀未遂呢？
0,“脱发”
0,《自来水》
0,芝诺的乌龟
0,苦力怕
0,苦力怕？？？？？？？！！
0,茄哥の情商
0,茄茄玩成猜猜乐了哈哈哈哈
0,草
0,蓝蓝教主，浩瀚无边。为善除恶，广播教义。 我等教众，虔诚祈祷。修身养性，高燃圣焰。 圣焰不灭，奋斗不息。熊熊圣火，焚我残躯。 扬我圣教，何畏艰险。生亦何欢，死亦何苦。 喜乐悲愁，皆归尘土。怜我世人，忧
0,裁判就是犀利
0,裁判是z犀利吗
0,裸奔
0,见义勇为，传统美德。
0,《论卧底直接猜词而且猜对了这件事》
0,《论我在弹幕看见APH同好这件事）（瑾梦红）
0,语言指导:中国boy
0,说实话，这个又是错了，账户别想要了
0,说预言家的老考古战士了巧了我也！情商好听的！
0,请选择你的英雄。
0,诸葛亮：你以为我当时是怎么吓跑他们的
0,诸葛亮弹得是古琴好吧
0,谁看了你的操作不说句666
0,谁还不是个第一名了呢
0,谱子在哪里！
0,跟我想得一样诶，没白熬
0,路～
0,跳楼01:16
0,转描的？
0,【轻狂】既要今朝醉，也要万年长
0,过去的记忆突然从小傲嘴里爬出来攻击我
0,还得是这个！
0,还有人记得只是2014年发的吗
0,这个琴头摄像机视角神中神
0,这个视频很下饭
0,这个音乐太容易让人困了
0,这么好笑我不信你们跳过
0,这么流畅的动作，居然不是转描！！！
0,这只猫已经成为网红了
0,这好像是个女生
0,这手速好快
0,这是借故吧 
0,这是拼多多谁设计的啊？这样坑啊，套路太深
0,这是毕业聚会吗？
0,这歌词确实是波奇会写出来的啊…
0,这波漫漫何其多加一分
0,这粤语吧哈哈哈哈我听懂了
0,这肉嘟嘟的也太可爱了
0,这起立请坐笑死我了哈哈哈哈哈哈哈哈哈
0,这里高斯太可爱了！！
0,这防卫过当了吧
0,这题我会！会右眼流泪（？）
0,逐渐偏离主题
0,那38位兄台幸会幸会
0,那他一定是困得要死却还在上课（确信）
0,那他一定是歪了琴
0,都来品一品这是什么神级操作
0,金币，金粒，金屑，金的分子
0,钱满了，开始要金币了
0,镇站之宝
0,镇站之宝！
0,队长默默递出一封律师函
0,防卫过当
0,阿伟喵
0,阿塞德風格很健康
0,阿弗尔铁塔
0,阿思达法国红酒快乐
0,阿斯对方过后就哭了
0,阿斯顿发过火就看了
0,阿斯顿法国合家快乐
0,阿斯顿法国海军快乐
0,阿斯顿法国红酒快乐
0,阿斯顿法国红酒快乐（？）
0,阿斯顿法国红酒快乐 立刻就会功夫的撒
0,阿斯顿法国红酒看来
0,阿斯顿饭赶回家看了
0,《阿斯顿饭赶回家看了》
0,阿斯顿饭赶回家看了；立刻就很过分多少啊
0,阿萨德法国画家昆仑
0,【陷落之序】We together to be the king
0,随他(空耳)
0,【随机】
0,难怪我弹不好！我养的是一条狗！
0,*震惊！观众居然增多了！保持你的决心！
0,震  荡  试  管
0,韦达定理，勾股定理
0,音 乐 鬼 才
0,顾队（指laser顾子尧（））
0,飞机带翅膀
0,《饭》《面》
0,首先其次，最后。
0,《首尾呼应》
0,《驾校》
0,骨科医院狂喜
0,高斯：磕到了
0,鬼畜的原点
0,鬼畜？鬼畜！！！！
0,鬼畜鼻祖
0,【魈】如遇失道旷野之难，路遭贼人之难，水火刀兵之难，鬼神药毒之难，恶兽毒虫之难，冤家恶人之难，便呼我名——魈，听召，前来守护
0,【魔道】天子坛中寻一笑，枕月云深魏无羡
0,鲁迅《呐喊》
0,麦当劳：他谁啊，我不认识他
0,麦当劳：我们不认识这个奇行种（ Doge
1,⎛⎝≥⏝⏝≤⎛⎝
1,2023依然有人
1,2023前来去世
1,2023前来打卡
1,2023坐时光机过来的（doge）
1,2023年4月11
1,2023年了
1,2023年了，还有人看吗
1,2023年，宿命strike留下了一个“传送锚点”
1,2023年查看文物是否被损坏
1,2023年空降，能证明的梗：72变
1,2023年评论
1,2023年还有人↑
1,2023年，还有人吗
1,2023路过
1,2114年前来采访
1,2200W的播放量?
1,220个人
1,《227.5点赞》
1,23333333
1,23个教徒和我共同接受洗礼
1,23年不会还有人看吧（
1,23年了还有
1,23年前来膜拜
1,23年的今天 还有23个
1,2400多年前能说出这话真是恐怖如斯，思想太超前了
1,24岁，是苦力怕
1,24群点名表扬
1,28年
1,300w！
1,315
1,315可能是per赞助的
1,《315后传》
1,4年11个月29天吧
1,5.1万   9.9！！！
1,55人
1,5w仍然9.9恭喜
1,5分钟竟然如此漫长
1,6
1,66
1,666
1,66666
1,666666
1,6.6万参与 9.9分
1,6万人铜锣湾都砍下来了，砍不下资本家一台手机
1,77
1,8月18
1,9.9万人9.9分，我称之为今年的霸主
1,9.9！谁啊！
1,A→A#
1,A    。  na 。
1,as
1,《ATM晚上锁门？》
1,AV23
1,bess
1,b站的第一个鬼畜视频
1,B站第一个鬼畜视频
1,ctm
1,C盘有多少个gb
1,den☆den☆den☆den☆den☆den☆den☆den☆den☆den☆den☆den☆den☆den☆den☆
1,DEN☆DEN☆DEN☆DEN☆DEN☆DEN☆DEN☆DEN☆EN☆DEN☆DEN☆DEN☆DEN☆DEN☆DEN☆DEN☆DEN☆DEN☆DEN☆DEN☆DEN☆DEN☆DEN☆DEN☆DEN☆
1,「EVE」武运昌隆，蛋船平安！
1,famous(著名的)（寄答）
1,guitar hero！！！！！！
1,HREJS
1,hui
1,JJ
1,keyの格局
1,kksk
1,kksk!
1,KKSK
1,K的回归
1,l
1,lanlanlu
1,lcz！！！！！！
1,lim
1,llllllllllllllllllllllllllllllllllllllllllllllllllllllllllllllll
1,【l【l】【l】【‘p】【l】=【p】【’l】【，考虑。/“
1,l亡者
1,miss
1,Miss
1,moss行为
1,◢◣　　 　&nbsp;&nbsp; 蓝蓝路
1,neo5
1,never gonna give you up（幻视）
1,[ohh]
1,[OHH]
1,[（ohhh）]
1,[ohhh]
1,[ohhhh]
1,[OHHHH]
1,[ohhhhhh]
1,[ohhhhhhhhhhhh]
1,[ohhhhhhhhhhhhhhhhhh]
1,[ohhhhhhhhhhhhhhhhhhhh]
1,PDD：关我什么事
1,Pdd后排稳定输出
1,ps：小砍被开除了的
1,Something someone somebody.
1,《s    o    r    r     y》
1,SOS
1,Sun glasses
1,tashem
1,TNT
1,TY亲传大弟子doge
1,t语言是吧？（doge）
1,Uma uma 3 2 1 fight
1,wcccccccccccccc
1,woc4.7w人9.9！我吹爆
1,woc 6666
1,woc我这个在干这事
1,【wolves】以狼之名，许我荣光
1,wow
1,yaozhangnaozil
1,z
1,zdlh
1,zh这首歌真好听
1,アラー★
1,イェッタイガー！！
1,一人给你一块算了
1,一亿分
1,一伯昏
1,一伯昏！
1,一千亿昏
1,一播放110赞，B站传统
1,一百分！！！
1,一百昏
1,一直有人系列
1,一睹芬芳。
1,一  睹  芳  容
1,一 睹 芳 容
1,一睹芳容
1,     一     睹     芳     容     
1,一群精神病
1,一进一退体育局统一提交体育局统一集团已经同意截图以及同一集团已经
1,一里不念波奇啊兄弟，波奇是外号，就是来自“孤独”这个词的。。
1,《万分之二十一》
1,万恶之源
1,【三体】恒星核弹爆炸，太阳系成遗迹
1,【三体】星际之间光子传递 猜疑链从未偏移
1,【三体】真相擦肩而过，冰封正为等你
1,【三体】踏入四维禁忌   方窥黑暗一隅
1,三国杀玩家报道
1,三种单机游戏得了
1,三秒钟快男
1,三连了
1,上 上 寄
1,上去要尬的
1,上头了
1,上幼儿园，上小学，上早教
1,上当签啊
1,上新闻了hhh
1,下一站，下下一站。
1,下一站北京西站下一站北京南站前方亦庄火车站暂缓开通
1,下面字母牛逼
1,不停息的二一零环线内环外环又算什么西苑北苑通州北苑还是要看天通苑南
1,不  像  演  的
1,不好 不能哭的哟 
1,不属于
1,"不属于的,说属于的都没听课吧"
1,《不忘初心》
1,不想我再想起那首歌 
1,不愧是张三
1,不是三渲二，不存在3d，都是纯手绘！1秒大概30张
1,不看歌词还真不知道有伊利克斯，不过音色还是很好的，我发工资才敢买真的贵
1,不知是我身处噩梦中，还是这整个宇宙都是一个造物主巨大而变态的头脑中的噩梦！　　我们都是一个超级骗局的牺牲品！这个骗局之巨大之可怕，上帝都会为之休克！－－－《流浪地球》
1,不知道说，什么单走一个6罢
1,【不至于】
1,不这样根本砍不成
1, 与  前  文  相  呼  应 
1,世界上有种东西叫正义，而正义需要高强功夫
1,东方某神秘仪式
1,两位有默契的发现有高手，开始全力跟上了
1,两只老虎爱跳舞
1,两块吉宏股份第三
1,《 两 极 反 转 》
1,中华文化博大精深
1,中华文字博大精深
1,中国BOY变形操
1,中国公司只骗中国人
1,中国只有龙哥才是唯一正当防卫，其他都蹲局子去了
1,【中国通史】三国江河分裂，九州再起狼烟，
1,【中国通史】乾黄高辛，陶唐及有虞（ps：这里是野生字幕君，是只搬运工）
1,【中国通史】五代渐起，乱世又绵延，
1,【中国通史】几度分合 消逝尘风间
1,【中国通史】几度分合，消逝尘风间，
1,【中国通史】商城交子银钱，崖山倾国破灭。
1,【中国通史】始皇六合荡绝，兵俑长城秦鞭
1,[中国通史]山外青山楼外楼，西湖歌舞几时休
1,【中国通史】我是填词菌，现在字幕可能不全
1,【中国通史】春战群雄 乱世百家言
1,【中国通史】残甲折戟断剑，枯骨江边谁殓？
1,【中国通史】江南红袖书卷，塞北大漠风雪。
1,【中国通史】犯华虽远必诛，强汉立世间
1,【中国通史】犯华虽远必诛，强汉立世间。
1,【中国通史】繁华过眼云烟，兵起太原。
1,【中国通史】请不要重复施工！！
1,【中国通史】遍地烽火惊天，城郭断壁残垣
1,【中国通史】陈吴刘项并起，三代帝国覆灭。
1,也就是说人少砍不到，人多给你封号，你大爷还是你大爷
1,《也行》
1,买了还贴钱(doge)
1,事先说明：苦力怕其实是日文，意思是【这个吗】
1,二睹芳容
1,二郎神：如果我是上面那只眼先流泪呢
1,于炀（即答）
1,五连鞭
1,人人都是第一名
1,人均第一了属于是
1,人有些时候麻木一点还是好的
1,人格分裂
1,人类退化（确信）
1,亿伯昏
1,亿分之一
1,亿分之百
1,什么地方不锁门啊
1,什么罗马厕所
1,他入宅了，叹气是因为保底了
1,他是一大个 
1,他甚至在认真选
1,"他甚至还思考了。,"
1,他甚至选上了
1,仙人指路
1,《仙人指路》
1,仙     人     指     路     仙     人     指     路     仙     人     指     路     仙     人     指     路  
1,令尊所言极是
1,以后0.01金币
1,仿佛刚被打了麻醉剂的小鼠
1,伊利克斯:6
1,伊利克斯弦虽然音色不行，但是耐用啊
1,伊利克斯打钱
1,众                  神               归                  位
1,众               神               归               位
1,优拉来了
1,会
1,会！
1,伟滴太大列，把我都伟进去列
1,【传说之下】听这激昂的琴声，你充满了决心
1,传销而已
1,但凡看过属性咖啡厅必定能说出来
1,你tm是怎么检测出来的
1,你不能放弃，就算跛着脚也要爬上高峰。 《楚门的世界》
1,你也拿土豆 七毛钱一袋哟
1,你们这个视频我两天前做过了 
1,你好2023
1,你干嘛~（幻
1,你是老板我是老板！
1,你看他笑的多开心
1,你管了也可以理解成这个意思 
1,你管这歌词叫阴暗！？？？
1,你行的
1,你说要不再吵啦～～～～～～拉
1,你这瓜保熟么
1,侵害正在发生也具有社会的危害性
1,倒头就睡（doge）
1,假如再碰不见你，祝你早安、午安、晚安。《楚门的世界》
1,像关晓彤
1,像女性，面部伤痕是可以起诉的
1,像极了在搓音游的我
1,兄弟们！这是第一个灵魂！
1,光 翼 展 开
1,【光遇】因光而遇，因光而散
1,【光遇】汇入星盘的繁星，组成无垠星河，只是你的名字，终究未能再次亮起
1,《免费的》
1,入站必刷
1,《入站必刷》
1,入站第一个看的视频。
1,全程2d手绘，官方已经放出原画了
1,『全职法师』就让我为你战斗到最后一刻吧！
1,六万人我能拿下基辅，但是拿不下拼多多的手机
1,六十耳顺懂吗大家？
1,六千人出来吧！！
1,关于我在23年2月还有二十多个人陪我看这回事
1,其他 舞动
1,其实我也不想三连和投币（doge）
1,其实真正最早的鬼畜其实是AV23！因为某些原因被删除了！up:安心作梦
1,其实社恐的人写词是美好的，至少我是这样
1,其实这是对你们D级人员进行的A级记忆抹杀
1,再见2022
1,《农民伯伯种面条》
1,冷静个der
1,凉和小孤独还是不一样的
1,凉老婆天下第一！
1,凉门
1,《凉门》
1,凉门万岁！！！
1,几千个是刷的   不到几千个又不会成功  隔着隔着呢
1,分子裂变
1,切换
1,刚刚小潮好像自爆了，但是没人注意到（手放桌上）
1,别慌！访问码语者！来了！
1,到我这儿改了嘿！
1,刷不要钱？
1,刺激战场的回忆谁也不能够代替战争他还在继续我又怎么能忘记不知能否再相聚思念不止这一句有个地方叫学校充满我们的骄傲G港N港随便跳有胆你就快来到我还记得你的名我还记得你的情再次回归
1,前方柠檬派高能
1,前方高能！
1,[前方高能]
1,前方高能 前方高能 前方高能
1,前方高能预警
1,前面跟我抬杠的，正当防卫可以针对本人或者他人身边财产免受不法侵害，不法侵害不一定非要针对本人。
1,剩下83个人都是后台生成的(눈_눈)
1,《剪掉了》
1,《副总の情商》
1,副总的格局
1,加油！
1,动作指导:TOM
1,劲爆尾杀
1,【北京地铁】角门东对角门西，望京东探望京西
1,北京的笔、北京的煎饼、北京的手机
1,华丽蓝宝石，粉红油彩脂，橙八布
1,南山前辈走慢了 
1,南山前辈走马路 
1,占领屏幕
1,卡平A了
1,卧槽，我要拯救世界
1,厄 咒 ：难 逃 一 死
1,厉害了
1,原力笔
1,原子，分子，核外电子
1,《反客为主》
1,反客为主了，属于是。
1,反正我没干过，我是下课的时候对垃圾桶祭拜
1,变动的世界 
1,口口大西拉拉 
1,古い世代の芸術家の自信と冷静さ！
1,古筝：我当时怕极了
1,只是理论上人人平等
1,只能说中国没有间接性故意杀人未遂，所以更多只能判故意伤害
1, 【叮叮】up主，我来围观你的练习曲，为你点赞
1,可以调素琴
1,可是诸葛亮不弹古筝，弹的是古琴啊
1,可爱的独
1,《叶子画了一片绿色的妈妈》
1,吃饭睡觉打拜仁（即答）
1,吃饭，睡觉，打豆豆（及答doge）
1,各位，我们眼中的轻伤可能是擦破皮流点血，但医学界的轻伤，等于骨折等
1,各显神通
1,吉他英雄！！！
1,吊的吊的
1,同款手机
1,名场面
1,名场面》
1,后面的玩偶掉了
1,向吉他英雄------后藤一里献上礼炮
1,吓哭的（确信）
1,吓我一跳，还以为电话来了
1,吼吼吼
1,吼吼吼吼吼吼吼吼吼吼吼吼吼吼吼
1,呃，这段本来就是3D吧。比手绘其实要僵硬一些
1,周围的人：听我说谢谢你（）
1,周群是吧
1,呼☆呼☆呼☆呼☆呼☆呼☆呼☆呼☆呼☆呼☆呼☆呼☆呼☆呼☆呼☆呼☆呼☆呼☆呼☆呼☆呼☆呼☆呼☆呼☆呼☆呼☆呼☆呼☆呼☆呼☆呼☆呼☆呼☆呼☆呼☆呼☆呼☆呼☆呼☆呼☆呼☆呼☆呼☆呼☆呼☆呼☆呼☆呼☆呼☆呼☆
1,和侵犯的紧迫性应算正当防卫
1,和哈哈哈哈哈哈哈哈哈哈哈哈哈哈哈
1,和稀泥~
1,哇
1,哈哈……
1,哈哈哈
1,哈哈哈哈
1,哈哈哈哈哈
1,哈哈哈哈哈哈
1,哈哈哈哈哈哈哈
1,哈哈哈哈哈哈哈哈
1,哈哈哈哈哈哈哈哈哈哈
1,哈哈哈哈哈哈哈哈哈哈哈
1,哈哈哈哈哈哈哈哈哈哈哈哈哈
1,哈哈哈哈哈哈哈哈哈哈哈哈哈哈
1,哈哈哈哈哈哈哈哈哈哈哈哈哈哈哈
1,哈哈哈哈哈哈哈哈哈哈哈哈哈哈哈哈哈
1,哈哈哈哈哈哈哈哈哈哈哈哈哈哈哈哈哈哈哈
1,哈哈哈哈哈哈哈哈哈哈哈哈哈哈哈哈哈哈哈哈哈哈哈
1,哈哈哈哈哈哈哈哈哈哈哈哈哈哈哈哈哈哈哈哈哈哈哈哈哈哈哈哈哈哈哈哈哈哈哈哈哈哈哈哈哈哈哈哈哈哈哈哈哈哈哈哈哈哈哈哈哈哈哈
1,哈哈哈哈哈哈哈哈哈哈哈哈哈哈哈哈哈或
1,哈哈哈哈哈哈哈哈哈哈哈哈哈哈哈哈哈或或或或
1,哈哈哈哈哈哈哈哈哈哈哈哈哈哈哈哈哈或或或或或
1,哈哈哈哈哈故意的是吧
1,哈哈来了
1,《哎哎哎欧欧欧》
1,哦～哦～爸爸妈妈给我的爱不少不多～
1,哦我信你 
1,哦 护士 医生的武器 
1,哦西尼 哪里呀 
1,哪个马楼看电影 
1,哭一天 
1,唉~我就不喜欢逛gai[doge]
1,唱、跳、rap
1,唱！跳！rap！（即答）
1,啊
1,啊SD法国红酒快乐
1,啊啦—☆啊啦—☆啊啦—☆啊啦—☆啊啦—☆啊啦—☆啊啦—☆啊啦—☆啊啦—☆啊啦—☆啊啦—☆啊啦—☆啊啦—☆啊啦—☆啊啦—☆啊啦—☆啊啦—☆啊啦—☆啊啦—☆啊啦—☆啊啦—☆啊啦—☆啊啦—☆啊啦—☆啊啦—☆
1,啊 毛衣
1,啊水电费刚刚回家快乐
1,啥也别说了，全是艺术，全是感情
1,喜剧效果拉满
1,喜多/
1,\喜多/ \喜多/ \喜多/\喜多/ \喜多/ \喜多/
1,喜多最可爱！
1,喜多本人cv唱的哟
1,喜欢的人也许不多，但应该能深深吸引某些人吧
1,喜门
1,喜门！
1,喜门永存！
1,《喝口水吧海皇》
1,嗯
1,嗷嗷嗷嗷嗷嗷嗷嗷
1,噔噔噔噔噔噔噔噔噔噔噔噔噔噔噔
1,噜噜噜噜噜噜噜噜噜噜噜噜
1,噜噜噜噜噜噜噜噜噜噜噜噜噜噜
1,噜噜噜噜噜噜噜噜噜噜噜噜噜噜噜噜噜噜
1,噢耶
1,噩梦之始
1,因为梦易碎，才如此美好
1,团本
1,固定
1,圆周率算发
1,❀圆版✿似曾相识警示之语犹有疑虑
1,在吃饭
1,地板烫脚
1,地球啊 你走走摆烂了100万年 
1,增加密度，缩小空间，控制能量流动（随便乱说的）
1,复   旦   之   光
1,多个零好像少了似的
1,多少楼台烟雨中？
1,大家都一样啊................
1,大家都别忘了一件事，孔子是山东人，山东人的体格体型不用太多说吧
1,大家都是第一名哦
1,大碗拿铁
1,↓大预言家↓
1,【天元突破】我的钻头，是能突破天际的
1,天火！天火！！！
1,太nb了
1,太伪大了
1,太坏了
1,太帅了
1,太搞了
1,太狗了
1,《太高兴 太喜欢了》
1,奇怪的就是这种戏剧性的情节生活中比比皆是
1,套路开始了
1,奥斯卡最佳短片
1,女。         。
1,女子站。
1,好
1,好一个安塞腰鼓！
1,好多小黑子（doge
1,好崩溃现在半夜还有五个人和我一起看
1,好！来了，传销开始，赖斯！
1,好的镇站之宝我来了
1,如果不打，我就没丧失了人性，怎么可能会看两个女孩子被打?
1,如果是一般的来说确实有点防卫过当了
1,如果说那个原始人对字宙的几分钟凝视是看到了一颗宝石，其后你们所谓的整个人类文明，不过是弯腰去拾它罢了。　　在一个不可知的宇宙里，我的心脏懒得跳动了。　　当生存问题完全解决，当爱情因个体的异化和
1,如果这把被气到
1,妈妈 你走走白来了 100万年 
1,姐贵
1,字把妈妈慢慢慢显现漫展出门吧咱妈。
1,【孙子兵法】兵者，国之大事，死生之地，存亡之道，不可不察也。
1,《孝出强大》
1,孝   死   我   了
1,实数具有稠密性
1,实际23年也在刷
1,实验室震荡试管（标准操作，狗头）
1,宣判24年！
1,家长学生，互换身份
1,对
1,对对对
1,对 这就是鬼畜的始祖 M记幻想乡的起始点​
1,小傲想睡觉哈哈哈哈
1,小傲想辞职
1,《小傲想高深》
1,小傲的头发，小傲的眼睛还是小傲？
1,小心翼翼一笔一划
1,小潮听不见啊，这和发音有啥关系
1,小潮和海皇的衣服！！
1,小潮虐待员工（确信）
1,小潮迷之笑柠檬
1,小焯院长
1,小狗院长
1,就 挺不错的
1,就这样带你一同前往
1,就这样带你一同前往。
1,就那种，嗯
1,尴尬的，嗯
1,尽心尽力，一字一句的歌唱
1,居然还在，没被没了
1,属于
1,属于！
1,属于，但是若情节严重我认为仍要判刑
1,属于吧
1,属于，点错了
1,属于紧急避险？
1,属于见义勇为
1,属于防卫过当？
1,山田凉我爱你
1,山田胖虎得嘚嘶
1,《山要无后传》
1,《岛  市  老  八》
1,工贼
1,左声道是节奏组，右声道是主音吉他
1,左声道贝斯，右声道吉他
1,差点以为是鸡叫
1,"已知A,B,C三点共线"
1,已经气到拍桌子了
1,**市**区**路**号
1,广东
1,应该是：外水照流肥人田
1,建议发起一个“一拼到底挑战”不拼到底就不要做up了
1,建议改成不要笑挑战
1,开启下一个副本
1,开启新副本
1,开头见
1,开始？你把aⅴ23放哪？
1,开始施法
1,开始求极限了
1,开始求极限值
1,开始耍猴
1,张三
1,《张三》
1,张三来了
1,弹幕护体
1,强强强强
1,当代小学生谋权篡位
1,彻底疯狂
1,很蓝的啦
1,微积分大佬
1,心意已决定，每一笔都要细心勾勒。
1,必然不属于
1,必须无期
1,忍不了了，一拳打爆空气
1,快2000万播放了
1,怎么又是张三
1,怎么罗翔一直在用语气词啊
1,怕好怕好怕好怕好怕好怕好怕好怕好怕好怕好怕好怕好怕好怕好怕好怕好怕好怕好怕好怕好怕好怕好怕好怕好怕好怕好怕好怕好怕好怕好怕好怕后
1,恐怖的278万点赞
1,恐龙妈妈提笔忘字~
1,恭喜你，学会抢答了
1,您已完成成就:入站仪式
1,您的iPhone以解锁
1,您的iphone已解锁
1,您的iPhone 已解锁
1,您   的   面   容   ID   已   解   锁
1,意思就是如果你有可能拿到，都是不行的
1,愚昧无知的我在半夜放声高歌
1,感觉够呛有这种可能，除非持械，但是持械感觉可能会带来更严重的后果
1,愤怒
1,成功击穿敌方的装甲
1,《成功挑到》
1,我
1,我2023 20日
1,我一定袖手旁观
1,我不会这么搞，我都是拿考试文具袋里的一整套一起拜
1,我不想再想起那歌
1,我不想用它拥有
1,我不知道选哪个……
1,我也偶尔
1,我也吃过
1,我也干过哈哈哈
1,我也是！！！！！！！！！！！！！
1,我也觉得是照着录像在画
1,我从2022年来挖坟
1,我以前也经常这么干
1,我们以后有很长的时间相处，有很多的事要谈，但不要再从道德的角度谈了，在宇宙中，那东西没意义。——《吞食者》
1,我倒我倒我倒我倒到倒到倒
1,我几千个朋友怎么了？中国十几亿人我几千个朋友怎么了？
1,我初中班里就摆着个东方明珠
1,我去麦当劳里放
1,我古筝九级，感觉我也能弹这首曲的0.7倍速
1,我只要工资不要工作（doge）
1,我孤身一人 
1,我希望你能明白，我打十分是因为满分只有十分
1,我当时为什么要点开它_(:зゝ∠)_
1,"我很不幸地不麻木,所以难以生存下去。　　我的物理学啊,你这个冷酷的情人,你已穷尽之后我如活得下去!－－－《微观尽头》"
1,我快笑死了
1,《我想起了开心的逝情》
1,我......我经常吃
1,我拿过500，拉了40多个人
1,我是从2022年穿越来的
1,我来
1,我活着就是为了山田凉！！！
1,我特哎哟杜莹
1,【我的世界】众神之战创造传奇，诞生英雄。
1,我的朋友多也就6-7万
1,我相信这绝不是他们第一次有如此惨绝人寰的暴行！一定要彻查！彻查！！！！
1,我看过这个视频的原版
1,我知道不属于，但是我希望那种情况下他可以属于！
1,我终于中了 
1,我经常这么干哈哈哈哈
1,我给五分是因为这道选择题只有五分（哭死我要给一百昏啊啊啊！！！！）
1,我还以为下课了
1,(ˇ╮ˇ)← 我选择死亡
1,我靠牛蛙
1,我高兴，我喜欢这里
1,战术自爆
1,战   术   踉   跄
1,所以到底犯什么罪
1,所有人皆是天选之子
1,所谓温暖，不过是宇宙诞生后一阵短暂的痉挛所产生的同样短暂的效应，它将像日落后的暮光一样转瞬即逝，能量将消失；只有寒冷永存，寒冷之美才是永恒的美。－－－《梦之海》
1,手机屏幕放不下小数点后面还有六位数
1,手机：早知道我还不如烂在厂子里
1,手機都會震動是吧
1,手舞足蹈
1,打1分的有难了，别让我在下北泽看见你
1,打卡第一天
1,打豆豆
1,打输住院 打赢坐牢
1,　　把人类看作虫子的三体人似乎忘记了一个事实；虫子从来就没有被真正战胜过。太阳被一小片黑云遮住了，在大地上投下一团移动的阴影。这不是普遍的云，是刚刚到来的一大群蝗虫，它们很快开始在附近的田野上降落，三
1,把前缀给我ban喽
1,报警
1,抬起头来啊波奇酱 我永远爱你
1,@拼多多
1,拼多多员工在看直播？
1,拼多多：来了，你就别想走了
1,拼多多的产品好闲啊··
1,拼多多红包已入账(大声)
1,拼多多赞助央视呢，你说能是一般背景吗
1,拼朋友多多
1,拿了祸多
1,拿另外一台手机扫扫看？
1,按   揉   四   白   穴
1,搁着求极限呢
1,【撒野】我要赢一壶酒，拿来娶你
1,播放量两千多万 
1,擦片视角
1,支持
1,支线任务来辣！！！
1,收压岁钱
1,《收敛级数求和》
1,放那。我来
1,故地重游
1,故            技             重               施                                                        
1,敏感肌和干皮不适合，清洁力太强了些dT-Tb
1,救命弹幕有立体感是怎么回事
1,教主の禁·幻影魔手 
1,教练:不，你不想学这个
1,教练：你tm什么都想学
1,教练：我也想学
1,教练，我想学古筝。
1,新用户
1,《无  人  生  还》
1,无情 然后嘎 我悉尼
1,无想的一刀。
1,无期徒刑，不可减刑，这是最理想的状态
1,无法改的改 
1,无法自视麦当劳叔叔了
1,《无穷级数》
1,无论何时都有人看系列
1,无论我去哪里都是苦涩 正版
1,无语
1,《无限不循环小数》
1,旧key驾崩了
1,[星に] 暗示乐队的起点，livehouse名字（繁星starry）
1,春梦
1,是从2023年穿越过来的
1,是制作组先3d模型进行参考再手绘的，画面还是手绘出来的
1,***是**吧
1,《是谁偷吃了巧克力?》
1,是随机砍成功的这个事没写在界面上啊
1,普京早期作品
1,最初的鬼畜 已完成
1,最后这个去学习呀可太精髓了
1,最新间谍过家家小傲再次使用这招被小潮识破了
1,最终解释权归官方所有
1,最终解释权归平台所有
1,最终解释权归本公司所有
1,最速传说
1,有0个人能成功
1,有人吗
1,有氧气，有水，温度适宜
1,有点急躁
1,有的人砍了但是就是不给你显示
1,朋友多=刷的
1,朋友多就是刷？那你非要砍千把次才能成不是矛盾闭环了吗
1,本视频由肯德基赞助播出
1,杀一儆百
1,权威的来了
1,《杜八秒》
1,来了来了
1,极限的第一步
1,林
1,柠檬派の疑惑
1,【核科】一颗太阳在地面升起
1,桀果：马力欧你真帅
1,梦开始的地方
1,棒洗咯～
1,     欢      迎      回       家      
1,欢迎回来
1,欧拉ー☆欧拉ー☆欧拉ー☆欧拉ー☆欧拉ー☆欧拉ー☆欧拉ー☆欧拉ー☆欧拉ー☆欧拉ー☆欧拉ー☆欧拉ー☆欧拉ー☆欧拉ー☆欧拉ー☆欧拉ー☆欧拉ー☆欧拉ー☆欧拉ー☆欧拉ー☆欧拉ー☆欧拉ー☆欧拉ー☆欧拉ー☆欧拉ー☆
1,欲B又止
1,歌词写的好棒
1,歌词感动
1,正常操作
1,正当防卫里面明确指出了，不一定是防卫自身
1,正片开始
1,正片开始！正片开始！正片开始！正片开始！正片开始！正片开始！正片开始！正片开始！正片开始！正片开始！正片开始！正片开始！正片开始！正片开始！正片开始！正片开始！正片开始！正片开始！正片开始！正片开始！
1,正道的光
1,此时小傲还在做梦……
1,此时我们来到了调音最准的地方
1,此时才明白这是b站得第一个梗
1,此时有一个傲子在做梦……
1,【此条弹幕专做用于增加热度】
1,【此条评论专做用于增加热度】
1,此签加之于你，必有所伤！
1,殴打
1,每周必看
1,[每周必看]
1,《（每周必看）》
1,【每周必看】
1,每天一遍
1,每天一遍！
1,每天一遍，烦恼全消失！
1,每天一遍，防止抑郁。
1,每日合影
1,每次都有人说拿到过 每次自己都拿不到
1,比特币
1,毕生所学
1,毫无剪辑痕迹
1,永远有人系列
1,《永远有人系列》
1,求极限是吧
1,求球的抛物线
1,沙城团战
1,沙湾路
1,没意思啊
1,没新用户这辈子别想提现
1,没有一种可能是他吐出来的
1,法    国    军    礼
1,《法国军礼》
1,波奇酱角色曲
1,波神启动啦！！！！！！
1,波门
1,波门！
1,波门！！！
1,†波门†
1,波门！虹门！凉门！喜门！
1,注意这段的吉他就是之前波奇教喜多时弹的那段
1,泰勒展开 地球人都不够
1,【泰拉】神铸机关连环 凝视庙宇巨眼
1,洛必达也就图一乐，极限还看拼多多
1,洛必达和微积分也就图一乐，真求极限还得看PDD
1,《洛必达求极限》
1,活着
1,@派科拉
1,海皇os: 虽然不知道有啥可惊吓的，反正跟风就对了
1,海皇这句话才是规则的精髓
1,海豚音（确信）
1,涉黑
1,《淘汰了比赛》
1,深  夜  食  堂
1,深渊法师
1,游戏正式开始
1,满分10分的话我给1w
1,漂亮国小日子乌克兰
1,《激情满满基情满满》
1,灵
1,《灵魂の痛苦》
1,灵魂逐渐变态
1,炸
1,点错了
1,点错了 
1,点错了-_-||
1,烫死我了
1,热度继续给劳资升！
1,热度继续给劳资升！！！
1,热知识：孔子身材威武，不止可以以德服人，也能以武服人
1,《然后伤心地付了钱》
1,爛々爛々爛々爛々爛々爛々爛々爛々爛々爛々爛々爛々
1,爛☆　　　　　爛☆　　　　　爛☆　　　　　　　　　　爛☆　　爛☆　　　　　爛☆　　　　　　爛☆　　　　　爛☆　　　　　爛☆　　　　　　　　　　爛☆　　爛☆　　　　　爛☆　　　　　　　　爛☆　　爛☆
1,爱上大风刮过好几块了
1,爱上对方过后就哭了
1,爸爸最强
1,牛
1,牛奶  咖喱  土豆  豌豆  梨   西瓜   咸蛋
1,牛奶  咖喱  土豆  豌豆  梨  西瓜  咸蛋
1,牛奶，咖喱，土豆，豌豆，梨，西瓜，咸蛋
1,牛奶咖喱土豆豌豆梨西瓜咸蛋
1,牛奶 咖喱 腐乳 豌豆 梨 西瓜 咸蛋
1,牛逼
1,牧 童 遥 指 杏 花 村
1,物 业 敲 门
1,物业敲门
1,物理第六大神兽pdd的刀
1,狒   狒   挠   头
1,狒狒挠头
1,狗熊蹭树
1,猝，但及防
1,猫：我上辈子做了什么孽
1,猫：爪子比我都锋利
1,玩不起
1,玩不起是吧
1,现在才到喜马拉雅山脚
1,现在是2023年
1,《现学现卖》
1,现金支付
1,理想主义者和玩世不恭的人都觉得对方很可怜，可他们实际都很幸运。－－－《
1,甚至2023了
1,甜蜜双排是吧（Doge）
1,生活必需品
1,用机器叫刷，这是人，刷个锤子刷
1,电子包浆
1,画质感人
1,画质越糊杀伤越高 
1,百分之二十亿
1,百分之亿
1,《百家争鸣》
1,百里甩狙
1,皇家发牌
1,直接冲脸
1,直接变成满3500减100券。哈哈
1,直接进师范吧
1,看NTM砍的下来波 笑死了
1,看不见我
1,看了一眼进度条，我以为看了五个小时
1,（看他多开心啊）
1,看到这只手我就已经开始笑了
1,真不错
1,真没睡
1,真的像关晓彤
1,真的生气
1,真的真实
1,真.简单
1,真能这样砍，别人刷号的早刷完了
1,着手机才2000多，万元卡笑死
1,知道和做到的距离是遥远的
1,砍了几千个人都没有成功，就是说哪怕是刷你也刷不了
1,《砍价王者》
1,砍 瓜 切 菜（维斯塔潘并感）
1,破绽！稍纵即逝！（doge）
1,确认存活
1,神奇的画质一
1,神风
1,禁忌【四重存在】
1,禁忌：四重存在
1,禁忌四重存在
1,离开家很过分到宿舍
1,离开家很过分打撒
1,离开脚后跟范德萨
1,《离开脚后跟范德萨》
1,秦  王  扫  六  合
1,秦王扫六合
1,秦王扫六合，虎视何雄哉
1,秦王扫六和，龙卷风摧毁停车场！
1,积分马上要来喽
1,积极健康
1,穷达那
1,空气:我当时害怕极了
1,空降01:50
1,空降：4：36
1,立刻就很过分多少啊
1,立刻脚后跟范德萨
1,站着进法院还是躺着进ICU，那时候没多少理性，只有本能选择
1,竞赛代替不了战争，就像葡萄酒代替不了鲜血。－－－《光荣与梦想
1,笑不活了兄弟萌
1,笑得想死
1,笑晕了哈哈哈
1,笑死
1,笑死啦～
1,笑死我了
1,笑死，我是2023刷的（Doge）
1,笑死硬币根本花不完
1,笔尖微微颤抖的线条。
1,第一天枯干了 
1,等于10甚至等于9
1,算互殴吧
1,管你听没听懂看就完了
1,类人猿做眼保健操的珍贵影像（doge）
1,籽 岷 挖 矿
1,籽岷的MC单人极限生存
1,粤 要不要买东西 买东西 要不要买东西
1,精神粮食
1,索纳是真的大 
1,紧急加更
1,紧急避险
1,紧急避险，因为施暴者下一个目标很有可能是自己
1,《约德尔唱法》
1,细节水瓶反光
1,终于摔了
1,经典1播放104赞
1,经典来了
1,经典的差1%。
1,经典老番
1,结果发货了，pdd给封口费了
1,绘画的时候参考了3d模型，但是画面还是手绘的
1,给我火！
1,〖网络热梗〗鸡你 太美太美  鸡你 太美太美 太太没鸡
1,罗翔一出手，罪犯全自首
1,罗翔厉害
1,美女女厕现在
1,美食区不全是四个字的吗
1,美食区找我小傲，小潮我全给他干爆
1,老卡键和规范的撒
1,老   夫   撩   发   少   年   狂
1,老师好（即答）
1,老梗了哈哈，豆豆都长大了
1,老鼠把你的金币偷走了
1,耍猴
1,《耳朵里面塞饭盆》
1,耻辱呢？？三大耻辱呢？？哲学家的忘性这么大吗？？
1,[聞いて 聴けよ] 前一个是波奇不安的心理活动“听得到吗”，后一个是波奇鼓起勇气的请求“请聆听我”
1,聪明的小狗院长
1,肯德基の诡计
1,胖虎之舞
1,胖虎胖虎胖虎
1,胖虎☆胖虎☆胖虎☆胖虎☆胖虎☆胖虎☆胖虎☆胖虎☆胖虎☆胖虎☆胖虎☆胖虎☆胖虎☆胖虎☆胖虎☆胖虎☆胖虎☆胖虎☆胖虎☆胖虎☆胖虎☆胖虎☆胖虎☆胖虎☆
1,胡说八道，发给我根本没收到
1,脑浆摇匀
1,腐敗☆腐敗☆腐敗☆腐敗☆腐敗☆腐敗☆腐敗☆腐敗☆腐敗☆腐敗☆腐敗
1,腐敗☆腐敗☆腐敗☆腐敗☆腐敗☆腐敗☆腐敗☆腐敗☆腐敗☆腐敗☆腐敗☆腐敗☆腐敗☆腐敗☆腐敗☆腐敗☆腐敗☆腐敗☆腐敗☆腐敗☆腐敗☆腐敗
1,腐敗☆腐敗☆腐敗☆腐敗☆腐敗☆腐敗☆腐敗☆腐敗☆腐敗☆腐敗☆腐敗☆腐敗☆腐敗☆腐敗☆腐敗☆腐敗☆腐敗☆腐敗☆腐敗☆腐敗☆腐敗☆腐敗☆腐敗☆腐敗☆腐敗☆腐敗☆腐敗☆腐敗☆腐敗☆腐敗☆腐敗☆腐敗☆腐敗☆腐
1,腐☆腐☆腐☆腐☆腐☆腐☆腐☆腐☆腐☆腐☆腐☆腐☆腐☆腐☆腐☆腐☆腐☆腐☆腐☆腐☆腐☆腐☆腐☆腐☆腐☆腐☆腐☆腐☆腐☆腐☆腐☆腐☆
1,自从听了这个曲子~我家的驴冲上二环到现在还没找回来
1,自助银行不是不锁门吗？
1,自己吃饭睡觉打豆豆
1,至11年后的你
1,《节肢杀手》
1,花里胡哨
1,苦力卡
1,苦    力    怕
1,苦力怕
1,苦力怕:爆炸声
1,苦力怕苦力怕苦力怕苦力怕苦力怕苦力怕苦力怕苦力怕苦力怕苦力怕苦力怕苦力怕苦力怕苦力怕苦力怕苦力怕苦力怕苦力怕苦力怕苦力怕苦力怕苦力怕苦力怕苦力怕苦力怕苦力怕
1,草这幕绷不住了
1,萨尼铁塔
1,蒸汽明白人
1,（蓄力中）
1,蓝蓝教主，浩瀚无边。为善除恶，广播教义。 我等教众，虔诚祈祷。修身养性，高燃圣焰。 圣焰不灭，奋斗不息。熊熊圣火，焚我残躯。 扬我圣教，何畏艰险。生亦何欢，死亦何苦。
1,蓝蓝教主，浩瀚无边。为善除恶，广播教义。 我等教众，虔诚祈祷。修身养性，高燃圣焰。 圣焰不灭，奋斗不息。熊熊圣火，焚我残躯。 扬我圣教，何畏艰险。生亦何欢，死亦何苦。 喜乐悲愁，皆归尘土。怜我世人，忧
1,蓝蓝蓝蓝蓝蓝蓝蓝蓝蓝蓝
1,蓝蓝蓝蓝蓝蓝蓝蓝蓝蓝蓝蓝蓝蓝蓝蓝蓝蓝蓝蓝蓝蓝蓝蓝蓝蓝路
1,蓝～～～～～蓝～～～～～路！！
1,蓝蓝路
1,蓝蓝路！
1,蓝蓝路！！！
1,蓝蓝路～☆
1,蓝蓝路☆蓝蓝路☆蓝蓝路★蓝蓝路☆蓝蓝路☆蓝蓝路☆蓝蓝路
1,蓝蓝路☆蓝蓝路☆蓝蓝路☆蓝蓝路☆蓝蓝路☆蓝蓝路☆蓝蓝路☆蓝蓝路☆蓝蓝路☆
1,蓝蓝路☆蓝蓝路☆蓝蓝路☆蓝蓝路☆蓝蓝路☆蓝蓝路☆蓝蓝路☆蓝蓝路☆蓝蓝路☆蓝蓝路☆
1,蓝蓝路蓝蓝路蓝蓝路蓝蓝路蓝蓝路蓝蓝路蓝蓝路蓝蓝路蓝蓝路蓝蓝路
1,蓝蓝路☆蓝蓝路☆蓝蓝路☆蓝蓝路☆蓝蓝路☆蓝蓝路☆蓝蓝路☆蓝蓝路☆蓝蓝路☆蓝蓝路☆蓝蓝路☆蓝蓝路☆
1,蓝蓝路蓝蓝路蓝蓝路蓝蓝路蓝蓝路蓝蓝路蓝蓝路蓝蓝路蓝蓝路蓝蓝路蓝蓝路蓝蓝路蓝蓝路蓝蓝路蓝蓝路
1,☆蓝蓝路☆蓝蓝路☆蓝蓝路☆蓝蓝路☆蓝蓝路☆蓝蓝路☆蓝蓝路☆蓝蓝路☆蓝蓝路☆蓝蓝路☆蓝蓝路☆蓝蓝路☆蓝蓝路☆蓝蓝路☆蓝蓝路☆蓝蓝路☆蓝蓝路☆蓝蓝路☆蓝蓝路☆蓝蓝路☆
1,蓝蓝路☆蓝蓝路☆蓝蓝路☆蓝蓝路☆蓝蓝路☆蓝蓝路☆蓝蓝路☆蓝蓝路☆蓝蓝路☆蓝蓝路☆蓝蓝路☆蓝蓝路☆蓝蓝路☆蓝蓝路☆蓝蓝路☆蓝蓝路☆蓝蓝路☆蓝蓝路☆蓝蓝路☆蓝蓝路☆蓝蓝路☆蓝蓝路☆蓝蓝路☆蓝蓝路
1, 蓝蓝路☆蓝蓝路☆蓝蓝路☆蓝蓝路☆蓝蓝路☆蓝蓝路☆蓝蓝路☆蓝蓝路☆蓝蓝路☆蓝蓝路☆蓝蓝路☆蓝蓝路☆蓝蓝路☆蓝蓝路☆蓝蓝路☆蓝蓝路☆蓝蓝路☆蓝蓝路☆蓝蓝路☆蓝蓝路☆蓝蓝路☆蓝蓝路☆蓝蓝路☆蓝蓝路
1,☆蓝蓝路☆蓝蓝路☆蓝蓝路☆蓝蓝路☆蓝蓝路☆蓝蓝路☆蓝蓝路☆蓝蓝路☆蓝蓝路☆蓝蓝路☆蓝蓝路☆蓝蓝路☆蓝蓝路☆蓝蓝路☆蓝蓝路☆蓝蓝路☆蓝蓝路☆蓝蓝路☆蓝蓝路☆蓝蓝路☆☆蓝蓝路☆蓝蓝路☆蓝蓝路☆蓝蓝路☆
1,蓝蓝路☆蓝蓝路☆蓝蓝路☆蓝蓝路☆蓝蓝路☆蓝蓝路☆蓝蓝路☆蓝蓝路☆蓝蓝路☆蓝蓝路☆蓝蓝路☆蓝蓝路☆蓝蓝路☆蓝蓝路☆蓝蓝路☆蓝蓝路☆蓝蓝路☆蓝蓝路☆蓝蓝路☆蓝蓝路☆蓝蓝路☆蓝蓝路☆蓝蓝路☆蓝蓝路☆蓝蓝蓝路
1,蓝蓝路 蓝蓝路☆蓝蓝路☆蓝蓝路☆蓝蓝路☆蓝蓝路☆蓝蓝路☆蓝蓝路☆蓝蓝路☆蓝蓝路☆蓝蓝路☆蓝蓝路☆蓝蓝路☆蓝蓝路☆蓝蓝路☆蓝蓝路☆蓝蓝路☆蓝蓝路☆蓝蓝路☆蓝蓝路☆蓝蓝路☆蓝蓝路☆蓝蓝路☆蓝蓝路☆蓝蓝路
1,蓝蓝路☆蓝蓝路☆蓝蓝路☆蓝蓝路☆蓝蓝路☆蓝蓝路☆蓝蓝路☆蓝蓝路☆蓝蓝路☆蓝蓝路☆蓝蓝路☆蓝蓝路☆蓝蓝路☆蓝蓝路☆蓝蓝路☆蓝蓝路☆蓝蓝路☆蓝蓝路☆蓝蓝路☆蓝蓝路☆蓝蓝路☆蓝蓝路☆蓝蓝路☆蓝蓝路☆蓝蓝路☆
1,蓝蓝路☆蓝蓝路☆蓝蓝路☆蓝蓝路☆蓝蓝路☆蓝蓝路☆蓝蓝路☆蓝蓝路☆蓝蓝路☆蓝蓝路☆蓝蓝路☆蓝蓝路☆蓝蓝路☆蓝蓝路☆蓝蓝路☆蓝蓝路☆蓝蓝路☆蓝蓝路☆蓝蓝路☆蓝蓝路☆蓝蓝路☆蓝蓝路☆蓝蓝路☆蓝蓝路蓝蓝路☆蓝
1,蓝迪蓝黄
1,蔡只因时代，前来观看
1,虹门
1,✟虹门✟
1,虽然我希望属于，但本来就是不关事的路人出手那应该不算吧，正当防卫不应该是保护受害者么
1,《蜈蚣移山》
1,蜈蚣，蚂蚱，蛐蛐
1,蜘蛛
1,衣服防水性极强，甚至没漏（
1,补弹幕
1,西游记
1,要不要买东西 买东西收空那里的比蓝豆 正音
1,《见义勇为》
1,规矩
1,视频缓存了，分享给相亲相爱一家人
1,角门东对角门西望京东探望京西望京南望北海北东西南北
1,计数君消失了
1,讲的好
1,论语？抡语！
1,诈骗APP
1,《试图挣脱地心引力》
1,试炼来的
1,试说猩语
1,“话多的老板”
1,说了不能哭哟 
1,说了不能哭哦 
1,说实话，骗人的总有一个强盗逻辑，骗的不是你，是那些该被骗的人，这怎么破
1,说得好
1,说的好
1,说的好，老子跟你们坐牢
1,请聆听
1,请       选       择       你       的        出        场        英         雄
1,诸葛琴魔：“是在下输了”
1,读幼儿园中班大班小班
1,谁是卧底最速传说
1,调音最少的地方
1,谦虚
1,贝斯！
1,败                        者                        食                        尘
1,费马定理不是和勾股定理一样吗？
1,赌博？
1,走的路线跟轻音大不相同没必要比的
1,走马灯是吧
1,走马路 
1,超级开挂
1,越描越黑
1,越来越远
1,跟现在比有点拘谨
1,跟那种廉价网游一样
1,路路路路
1,路路路路路路路路路路路路路路路路路路路路路路路路
1,跳伞00：01
1,《跳大神》
1,跳楼1:06
1,跳跃时间1：58
1,踢群主是吧
1,车公庄宋家庄永泰庄七里庄关庄管庄苏庄海淀的黄庄
1,转描也是手绘啊
1,轻伤二级
1,轻微伤，不是轻伤，两者不一样
1,达达里奥出了多少赞助（恼
1,过一岁生日两岁生日三岁生日
1,《运气超好》
1,还差亿点点
1,还是新宝岛最经典
1,还是这个版本看着震撼，ԅ(¯ㅂ¯ԅ)
1,还有概率
1,还能掉刀了？？
1,还记得开始直接给了50000金币哈哈
1,还记得有一次在麦当劳看这个，被赶走了
1,这100我倒是拿过
1,这一段看来n次
1,这不得让这孩子去阎王爷那儿见一面吗？
1,这个解释，三连了
1,这个还真的很阴间 翻译了一下 非常阴间 
1,这味儿太冲了
1,这和弦听的太过瘾了
1,这就属实有点过了
1,这应该属于见义勇为吧建议勇为怎么判不知道不是学法的
1,这是演示阶段
1,这是目前小潮院长播放最多的视频
1,这是自然进程 不以人的意志为转移
1,这段凉的和声好听，甚至不用双声道耳机就能听到
1,这段我可能也行
1,这相当于新手村还没出
1,这种东西在看新闻跟在现场的时候是根本不一样的。最好就是保证自己的安全。报警如果有能力的话再去制止但一定要保证自己的安全
1,这要是现实生活中去砍的话，可能就得孤独终老了
1,这里可以看出喜多动作僵硬，最后一集已经可以弹唱＋观众互动+即兴伴奏
1,这里有我的翻译成粤语版 
1,这里的bass真的牛批，让我想起了暴力摩托里某张地图的bgm也有一段类似的旋律，很得劲
1,这里的翻译好棒，感觉比某些软件上的贴切很多
1,【进击的巨人】士兵们战斗吧，献出心脏！
1,【进击的巨人】飞翔的自由之翼，进击的巨人之心！
1,违反个鬼，没这么多人砍的下来吗？
1,连环套
1,选择你的英雄
1,通透
1,速度第二季！
1,【道德经】万物皆虚，万事皆允
1,那些猎奇的鬼畜视频你还没看过吧（久本）
1,那亿拿一袋 拿一袋 拿一拿一拿一袋 
1,那你呢 看你呢 寻找自己的未来 
1,那你换eb吧，价格降下来就什么都好说
1,那几毛钱我自己出
1,《那就是刷的》
1,那张三这种人不就是馄淡嘛
1,那路人不犯罪。无限制防卫
1,都2023年了，还有15个人看
1,都3049年了，不会还有人刷这个视频吧
1,金币有0.52个就离谱
1,钉   子   精   神
1,钓鱼呢搁这
1,铜锣湾都砍下来了，pdd都砍不动
1,银行atm不关门啊
1,长城和金字塔都是完全失败的超级工程，前者没能挡住北方骑马民族的入侵，后者也没能使其中的法老木乃伊复活，但时间使这些都无关紧要，只有凝结于其上的人类精神永远光彩照人！－－《地球大炮》
1,长按屏幕为up加速
1,问题是不这样刷根本不可能成功啊
1,防御机制
1,阿奇一到来
1,阿思达法国红酒快乐
1,阿斯顿发过火就看了
1,阿斯顿法国红酒可怜
1,阿斯顿法国红酒快乐
1,阿斯顿法国红酒快乐？
1,《阿斯顿法国红酒快乐》
1,阿斯顿法国红酒快乐李会计好过分的啊
1,阿斯顿法国红酒看来
1,阿斯顿法国进口了
1,阿斯顿风格黄金开了
1,阿斯顿饭赶回家看了
1,阿达西瓦 优酷上
1,陌生的
1,降落伞00:00
1,随教主摇摆（doge）
1,《随机》
1,《难度下降》
1,震荡试管
1,面对疾风吧
1,音 为 爱
1,顶级押韵大师
1,领                    衔                    主                    演
1,马哥看海皇像在看傻子一样
1,骆驼
1,【高四复读】誓要上岸，2023高考必赢！
1,高子表情好像鼹鼠哈哈哈
1,高数极限的支配
1,高齡化☆高齡化☆高齡化☆高齡化☆高齡化☆高齡化☆高齡化☆高齡化☆高齡化☆高齡化☆高齡化☆高齡化☆高齡化☆高齡化☆
1,高齡化☆高齡化☆高齡化☆高齡化☆高齡化☆高齡化☆高齡化☆高齡化☆高齡化☆高齡化☆高齡化☆高齡化☆高齡化☆高齡化☆高齡化☆高齡化☆高齡化☆高齡化☆高齡化☆高齡化☆高齡化☆高齡化☆高齡化☆高齡化☆高齡化
1,高龄化？！
1,高龄化是“これか”的空耳，意思是：是这个吗
1,高龄化☆高龄化☆高龄化☆高龄化☆高龄化☆高龄化☆高龄化☆高龄化☆高龄化☆高龄化☆高龄化☆高龄化☆高龄化☆高龄化☆高龄化☆高龄化☆高龄化☆高龄化☆高龄化☆高龄化☆高龄化☆高龄化☆高龄化☆高龄化☆高龄化☆
1,鬼畜祖先
1,鬼畜鼻祖
1,鬼知道我看了几遍
1,鱼儿上钩了
1,鲁迅：真正的勇士敢于面对惨淡的人生。
1,鲤                    鱼                     打                     挺
1,鹅滴圣剑！！！！！！
1,麦当劳:我不认识他
1,麦当劳:我不认识她
1,麻你那前辈都是你害的 
1,黄峥柠檬熟了
1,黄  磊  切  菜
1,黄  磊  老  师  未  公  开  出  道  早  期  作  品
1,黄        金        体        验        镇        魂        曲
1,@黑猫厨房
1,齐           楚                燕                    秦                  赵                魏            韩
